<?xml version="1.0" encoding="utf-8"?>
<!--/17291905/1234741/2.50/9/2/Integrated Circuit/-->
<quadcept_library>
  <setting unit="mil" />
  <textstyle name="Default" height="47.244094488189" strokewidth="7.8740157480315" charwidth="47.244094488189" />
  <textstyle name="Dimension" height="19.6850393700787" strokewidth="0" charwidth="19.6850393700787" />
  <textstyle name="H127W0635TH00762" height="50" strokewidth="3" charwidth="25" />
  <textstyle name="H15W15TH02" height="59.0551181102362" strokewidth="7.8740157480315" charwidth="59.0551181102362" />
  <padstyle name="c20.8" surface="True" plated="False" isvia="False" nopaste="False" nomask="True" complex="False" holesize="0">
    <padshape layer="TOP" shape="round" width="8.1889763779527" height="8.1889763779527" />
    <padshape layer="TOP_SOLDER_MASK" shape="round" width="16.062992125984" height="16.062992125984" />
    <padshape layer="TOP_SOLDER_PASTE" shape="round" width="8.1889763779527" height="8.1889763779527" />
  </padstyle>
  <footprint name="BGA9C30P3X3_97X97X50" originx="0" originy="0" pickpointx="0" pickpointy="0">
    <pcbpin number="1" name="A1" style="c20.8" originx="-11.811023622047" originy="11.811023622047" rotation="90" />
    <pcbpin number="2" name="A2" style="c20.8" originx="0" originy="11.811023622047" rotation="90" />
    <pcbpin number="3" name="A3" style="c20.8" originx="11.811023622047" originy="11.811023622047" rotation="90" />
    <pcbpin number="4" name="B1" style="c20.8" originx="-11.811023622047" originy="0" rotation="90" />
    <pcbpin number="5" name="B2" style="c20.8" originx="0" originy="0" rotation="90" />
    <pcbpin number="6" name="B3" style="c20.8" originx="11.811023622047" originy="0" rotation="90" />
    <pcbpin number="7" name="C1" style="c20.8" originx="-11.811023622047" originy="-11.811023622047" rotation="90" />
    <pcbpin number="8" name="C2" style="c20.8" originx="0" originy="-11.811023622047" rotation="90" />
    <pcbpin number="9" name="C3" style="c20.8" originx="11.811023622047" originy="-11.811023622047" rotation="90" />
    <line layer="TOP_PLACE_BOUND" originx="-39.212598425196" originy="39.212598425196" endx="39.251968503937" endy="39.212598425196" width="1.9685039370079" />
    <line layer="TOP_PLACE_BOUND" originx="39.251968503937" originy="39.212598425196" endx="39.251968503937" endy="-39.251968503937" width="1.9685039370079" />
    <line layer="TOP_PLACE_BOUND" originx="39.251968503937" originy="-39.251968503937" endx="-39.212598425196" endy="-39.251968503937" width="1.9685039370079" />
    <line layer="TOP_PLACE_BOUND" originx="-39.212598425196" originy="-39.251968503937" endx="-39.212598425196" endy="39.212598425196" width="1.9685039370079" />
    <line layer="TOP_ASSEMBLY" originx="-19.055118110236" originy="19.055118110236" endx="19.055118110236" endy="19.055118110236" width="3.9370078740157" />
    <line layer="TOP_ASSEMBLY" originx="19.055118110236" originy="19.055118110236" endx="19.055118110236" endy="-19.055118110236" width="3.9370078740157" />
    <line layer="TOP_ASSEMBLY" originx="19.055118110236" originy="-19.055118110236" endx="-19.055118110236" endy="-19.055118110236" width="3.9370078740157" />
    <line layer="TOP_ASSEMBLY" originx="-19.055118110236" originy="-19.055118110236" endx="-19.055118110236" endy="19.055118110236" width="3.9370078740157" />
    <line layer="TOP_ASSEMBLY" originx="-19.055118110236" originy="9.2913385826771" endx="-9.2913385826771" endy="19.055118110236" width="3.9370078740157" />
    <line layer="TOP_SILKSCREEN" originx="-11.811023622047" originy="29.685039370078" endx="29.685039370078" endy="29.685039370078" width="7.8740157480314" />
    <line layer="TOP_SILKSCREEN" originx="29.685039370078" originy="29.685039370078" endx="29.685039370078" endy="-29.685039370078" width="7.8740157480314" />
    <line layer="TOP_SILKSCREEN" originx="29.685039370078" originy="-29.685039370078" endx="-29.685039370078" endy="-29.685039370078" width="7.8740157480314" />
    <line layer="TOP_SILKSCREEN" originx="-29.685039370078" originy="-29.685039370078" endx="-29.685039370078" endy="11.811023622047" width="7.8740157480314" />
    <line layer="TOP_SILKSCREEN" originx="-29.685039370078" originy="11.811023622047" endx="-11.811023622047" endy="29.685039370078" width="7.8740157480314" />
    <arc layer="TOP_SILKSCREEN" originx="-29.685039370078" originy="29.685039370078" startangle="180" sweepangle="180" radius="3.9370078740157" width="7.8740157480314" />
    <arc layer="TOP_SILKSCREEN" originx="-29.685039370078" originy="29.685039370078" startangle="180" sweepangle="-180" radius="3.9370078740157" width="7.8740157480314" />
  </footprint>
  <symbol name="MAX30210ENL+" originx="0" originy="0">
    <line originx="200" originy="100" endx="1100" endy="100" width="0" />
    <line originx="1100" originy="-500" endx="1100" endy="100" width="0" />
    <line originx="1100" originy="-500" endx="200" endy="-500" width="0" />
    <line originx="200" originy="100" endx="200" endy="-500" width="0" />
    <sympin number="1" originx="200" originy="0" rotation="180" length="100" width="7.8740157480315" flipped="False">
      <text name="pinname" originx="230" originy="0" style="Default" rotation="0" justify="left" flipped="False" hidden="False" data="VDD" />
      <text name="pindes" originx="140" originy="20" style="Default" rotation="0" justify="lowerright" flipped="False" hidden="False" data="A1" />
    </sympin>
    <sympin number="2" originx="200" originy="-100" rotation="180" length="100" width="7.8740157480315" flipped="False">
      <text name="pinname" originx="230" originy="-100" style="Default" rotation="0" justify="left" flipped="False" hidden="False" data="A0" />
      <text name="pindes" originx="140" originy="-80" style="Default" rotation="0" justify="lowerright" flipped="False" hidden="False" data="A2" />
    </sympin>
    <sympin number="3" originx="200" originy="-200" rotation="180" length="100" width="7.8740157480315" flipped="False">
      <text name="pinname" originx="230" originy="-200" style="Default" rotation="0" justify="left" flipped="False" hidden="False" data="A1" />
      <text name="pindes" originx="140" originy="-180" style="Default" rotation="0" justify="lowerright" flipped="False" hidden="False" data="A3" />
    </sympin>
    <sympin number="4" originx="200" originy="-300" rotation="180" length="100" width="7.8740157480315" flipped="False">
      <text name="pinname" originx="230" originy="-300" style="Default" rotation="0" justify="left" flipped="False" hidden="False" data="INT" />
      <text name="pindes" originx="140" originy="-280" style="Default" rotation="0" justify="lowerright" flipped="False" hidden="False" data="B1" />
    </sympin>
    <sympin number="5" originx="200" originy="-400" rotation="180" length="100" width="7.8740157480315" flipped="False">
      <text name="pinname" originx="230" originy="-400" style="Default" rotation="0" justify="left" flipped="False" hidden="False" data="GND_1" />
      <text name="pindes" originx="140" originy="-380" style="Default" rotation="0" justify="lowerright" flipped="False" hidden="False" data="B2" />
    </sympin>
    <sympin number="6" originx="1100" originy="0" rotation="0" length="100" width="7.8740157480315" flipped="False">
      <text name="pinname" originx="1070" originy="0" style="Default" rotation="0" justify="right" flipped="False" hidden="False" data="GND_2" />
      <text name="pindes" originx="1160" originy="20" style="Default" rotation="0" justify="lowerleft" flipped="False" hidden="False" data="B3" />
    </sympin>
    <sympin number="7" originx="1100" originy="-100" rotation="0" length="100" width="7.8740157480315" flipped="False">
      <text name="pinname" originx="1070" originy="-100" style="Default" rotation="0" justify="right" flipped="False" hidden="False" data="SDA" />
      <text name="pindes" originx="1160" originy="-80" style="Default" rotation="0" justify="lowerleft" flipped="False" hidden="False" data="C1" />
    </sympin>
    <sympin number="8" originx="1100" originy="-200" rotation="0" length="100" width="7.8740157480315" flipped="False">
      <text name="pinname" originx="1070" originy="-200" style="Default" rotation="0" justify="right" flipped="False" hidden="False" data="SCL" />
      <text name="pindes" originx="1160" originy="-180" style="Default" rotation="0" justify="lowerleft" flipped="False" hidden="False" data="C2" />
    </sympin>
    <sympin number="9" originx="1100" originy="-300" rotation="0" length="100" width="7.8740157480315" flipped="False">
      <text name="pinname" originx="1070" originy="-300" style="Default" rotation="0" justify="right" flipped="False" hidden="False" data="CVT/PDB" />
      <text name="pindes" originx="1160" originy="-280" style="Default" rotation="0" justify="lowerleft" flipped="False" hidden="False" data="C3" />
    </sympin>
  </symbol>
  <component name="MAX30210ENL+" designatorprefix="IC" height="19.685039370078" footprint="BGA9C30P3X3_97X97X50">
    <comppin designator="A1" sympin="1" pinswap="0" gateswap="0" gate="1" group="1" side="" type="Any" name="VDD" />
    <comppin designator="A2" sympin="2" pinswap="0" gateswap="0" gate="1" group="1" side="" type="Any" name="A0" />
    <comppin designator="A3" sympin="3" pinswap="0" gateswap="0" gate="1" group="1" side="" type="Any" name="A1" />
    <comppin designator="B1" sympin="4" pinswap="0" gateswap="0" gate="1" group="1" side="" type="Any" name="INT" />
    <comppin designator="B2" sympin="5" pinswap="0" gateswap="0" gate="1" group="1" side="" type="Any" name="GND_1" />
    <comppin designator="B3" sympin="6" pinswap="0" gateswap="0" gate="1" group="1" side="" type="Any" name="GND_2" />
    <comppin designator="C1" sympin="7" pinswap="0" gateswap="0" gate="1" group="1" side="" type="Any" name="SDA" />
    <comppin designator="C2" sympin="8" pinswap="0" gateswap="0" gate="1" group="1" side="" type="Any" name="SCL" />
    <comppin designator="C3" sympin="9" pinswap="0" gateswap="0" gate="1" group="1" side="" type="Any" name="CVT/PDB" />
    <attached_symbol gate="1" name="MAX30210ENL+" />
    <pinmap designator="A1" footprintpin="1" />
    <pinmap designator="A2" footprintpin="2" />
    <pinmap designator="A3" footprintpin="3" />
    <pinmap designator="B1" footprintpin="4" />
    <pinmap designator="B2" footprintpin="5" />
    <pinmap designator="B3" footprintpin="6" />
    <pinmap designator="C1" footprintpin="7" />
    <pinmap designator="C2" footprintpin="8" />
    <pinmap designator="C3" footprintpin="9" />
    <text name="Datasheet" originx="0" originy="0" style="Default" rotation="0" justify="" flipped="False" hidden="True" data="http://www.maximintegrated.com/MAX30210" />
    <text name="Description" originx="0" originy="0" style="Default" rotation="0" justify="" flipped="False" hidden="True" data="Accurate, Ultra-Small, Low-Power I2C Digital Temperature Sensor" />
    <text name="Mouser Part Number" originx="0" originy="0" style="Default" rotation="0" justify="" flipped="False" hidden="True" data="" />
    <text name="Mouser Price/Stock" originx="0" originy="0" style="Default" rotation="0" justify="" flipped="False" hidden="True" data="" />
    <text name="Manufacturer_Name" originx="0" originy="0" style="Default" rotation="0" justify="" flipped="False" hidden="True" data="Analog Devices" />
    <text name="Manufacturer_Part_Number" originx="1150" originy="200" style="Default" rotation="0" justify="left" flipped="False" hidden="False" data="MAX30210ENL+" />
  </component>
</quadcept_library>
