<?xml version="1.0" encoding="utf-8"?>
<!--/4634389/1234741/2.50/3/4/Switch/-->
<quadcept_library>
  <setting unit="mil" />
  <textstyle name="Default" height="47.244094488189" strokewidth="7.8740157480315" charwidth="47.244094488189" />
  <textstyle name="Dimension" height="19.6850393700787" strokewidth="0" charwidth="19.6850393700787" />
  <textstyle name="H127W0635TH00762" height="50" strokewidth="3" charwidth="25" />
  <textstyle name="H15W15TH02" height="59.0551181102362" strokewidth="7.8740157480315" charwidth="59.0551181102362" />
  <padstyle name="c277.5_h185" surface="False" plated="True" isvia="False" nopaste="True" nomask="True" complex="False" holesize="72.83464566929">
    <padshape layer="TOP" shape="round" width="109.25196850394" height="109.25196850394" />
    <padshape layer="TOP_SOLDER_MASK" shape="round" width="117.12598425197" height="117.12598425197" />
    <padshape layer="INNER" shape="round" width="109.25196850394" height="109.25196850394" />
    <padshape layer="BOTTOM" shape="round" width="109.25196850394" height="109.25196850394" />
    <padshape layer="BOTTOM_SOLDER_MASK" shape="round" width="117.12598425197" height="117.12598425197" />
  </padstyle>
  <footprint name="100SP3T1B2M2QE" originx="0" originy="0" pickpointx="0" pickpointy="0">
    <pcbpin number="1" name="1" style="c277.5_h185" originx="0" originy="0" rotation="90" />
    <pcbpin number="2" name="2" style="c277.5_h185" originx="185.03937007874" originy="0" rotation="90" />
    <pcbpin number="3" name="3" style="c277.5_h185" originx="370.07874015748" originy="0" rotation="90" />
    <line layer="TOP_ASSEMBLY" originx="-64.960629921259" originy="135.03937007874" endx="435.03937007873" endy="135.03937007874" width="7.8740157480314" />
    <line layer="TOP_ASSEMBLY" originx="435.03937007873" originy="135.03937007874" endx="435.03937007873" endy="-135.03937007874" width="7.8740157480314" />
    <line layer="TOP_ASSEMBLY" originx="435.03937007873" originy="-135.03937007874" endx="-64.960629921259" endy="-135.03937007874" width="7.8740157480314" />
    <line layer="TOP_ASSEMBLY" originx="-64.960629921259" originy="-135.03937007874" endx="-64.960629921259" endy="135.03937007874" width="7.8740157480314" />
    <line layer="TOP_SILKSCREEN" originx="-64.960629921259" originy="135.03937007874" endx="435.03937007873" endy="135.03937007874" width="3.9370078740157" />
    <line layer="TOP_SILKSCREEN" originx="435.03937007873" originy="135.03937007874" endx="435.03937007873" endy="-135.03937007874" width="3.9370078740157" />
    <line layer="TOP_SILKSCREEN" originx="435.03937007873" originy="-135.03937007874" endx="-64.960629921259" endy="-135.03937007874" width="3.9370078740157" />
    <line layer="TOP_SILKSCREEN" originx="-64.960629921259" originy="-135.03937007874" endx="-64.960629921259" endy="135.03937007874" width="3.9370078740157" />
    <line layer="TOP_PLACE_BOUND" originx="-122.04724409449" originy="174.4094488189" endx="474.40944881889" endy="174.4094488189" width="3.9370078740157" />
    <line layer="TOP_PLACE_BOUND" originx="474.40944881889" originy="174.4094488189" endx="474.40944881889" endy="-174.4094488189" width="3.9370078740157" />
    <line layer="TOP_PLACE_BOUND" originx="474.40944881889" originy="-174.4094488189" endx="-122.04724409449" endy="-174.4094488189" width="3.9370078740157" />
    <line layer="TOP_PLACE_BOUND" originx="-122.04724409449" originy="-174.4094488189" endx="-122.04724409449" endy="174.4094488189" width="3.9370078740157" />
    <line layer="TOP_SILKSCREEN" originx="-78.740157480314" originy="7.8740157480314" endx="-78.740157480314" endy="7.8740157480314" width="3.9370078740157" />
    <arc layer="TOP_SILKSCREEN" originx="-80.708661417322" originy="7.8740157480314" startangle=".0" sweepangle="180.0" radius="1.9685039370079" width="3.9370078740157" />
    <line layer="TOP_SILKSCREEN" originx="-82.67716535433" originy="7.8740157480314" endx="-82.67716535433" endy="7.8740157480314" width="3.9370078740157" />
    <arc layer="TOP_SILKSCREEN" originx="-80.708661417322" originy="7.8740157480314" startangle="180.0" sweepangle="180.0" radius="1.9685039370079" width="3.9370078740157" />
  </footprint>
  <symbol name="100SP3T1B2M2QE" originx="0" originy="0">
    <line originx="200" originy="100" endx="700" endy="100" width="0" />
    <line originx="700" originy="-300" endx="700" endy="100" width="0" />
    <line originx="700" originy="-300" endx="200" endy="-300" width="0" />
    <line originx="200" originy="100" endx="200" endy="-300" width="0" />
    <sympin number="1" originx="200" originy="0" rotation="180" length="100" width="7.8740157480315" flipped="False">
      <text name="pinname" originx="230" originy="0" style="Default" rotation="0" justify="left" flipped="False" hidden="False" data="NC" />
      <text name="pindes" originx="140" originy="20" style="Default" rotation="0" justify="lowerright" flipped="False" hidden="False" data="1" />
    </sympin>
    <sympin number="2" originx="200" originy="-100" rotation="180" length="100" width="7.8740157480315" flipped="False">
      <text name="pinname" originx="230" originy="-100" style="Default" rotation="0" justify="left" flipped="False" hidden="False" data="COM" />
      <text name="pindes" originx="140" originy="-80" style="Default" rotation="0" justify="lowerright" flipped="False" hidden="False" data="2" />
    </sympin>
    <sympin number="3" originx="200" originy="-200" rotation="180" length="100" width="7.8740157480315" flipped="False">
      <text name="pinname" originx="230" originy="-200" style="Default" rotation="0" justify="left" flipped="False" hidden="False" data="NO" />
      <text name="pindes" originx="140" originy="-180" style="Default" rotation="0" justify="lowerright" flipped="False" hidden="False" data="3" />
    </sympin>
  </symbol>
  <component name="100SP3T1B2M2QE" designatorprefix="S" height="1109.4488188976" footprint="100SP3T1B2M2QE">
    <comppin designator="1" sympin="1" pinswap="0" gateswap="0" gate="1" group="1" side="" type="Any" name="NC" />
    <comppin designator="2" sympin="2" pinswap="0" gateswap="0" gate="1" group="1" side="" type="Any" name="COM" />
    <comppin designator="3" sympin="3" pinswap="0" gateswap="0" gate="1" group="1" side="" type="Any" name="NO" />
    <attached_symbol gate="1" name="100SP3T1B2M2QE" />
    <pinmap designator="1" footprintpin="1" />
    <pinmap designator="2" footprintpin="2" />
    <pinmap designator="3" footprintpin="3" />
    <text name="Datasheet" originx="0" originy="0" style="Default" rotation="0" justify="" flipped="False" hidden="True" data="https://componentsearchengine.com/Datasheets/1/100SP3T1B2M2QE.pdf" />
    <text name="Description" originx="0" originy="0" style="Default" rotation="0" justify="" flipped="False" hidden="True" data="Toggle Switches E-Switch 3" />
    <text name="Mouser Part Number" originx="0" originy="0" style="Default" rotation="0" justify="" flipped="False" hidden="True" data="612-100SP3T1B2M2QE" />
    <text name="Mouser Price/Stock" originx="0" originy="0" style="Default" rotation="0" justify="" flipped="False" hidden="True" data="https://www.mouser.co.uk/ProductDetail/E-Switch/100SP3T1B2M2QE?qs=wUXugUrL1qyY4wTYtlrCtQ%3D%3D" />
    <text name="Manufacturer_Name" originx="0" originy="0" style="Default" rotation="0" justify="" flipped="False" hidden="True" data="E-Switch" />
    <text name="Manufacturer_Part_Number" originx="750" originy="200" style="Default" rotation="0" justify="left" flipped="False" hidden="False" data="100SP3T1B2M2QE" />
  </component>
</quadcept_library>
