<?xml version="1.0" encoding="utf-8"?>
<!--/17895801/1234741/2.50/10/3/Connector/-->
<quadcept_library>
  <setting unit="mil" />
  <textstyle name="Default" height="47.244094488189" strokewidth="7.8740157480315" charwidth="47.244094488189" />
  <textstyle name="Dimension" height="19.6850393700787" strokewidth="0" charwidth="19.6850393700787" />
  <textstyle name="H127W0635TH00762" height="50" strokewidth="3" charwidth="25" />
  <textstyle name="H15W15TH02" height="59.0551181102362" strokewidth="7.8740157480315" charwidth="59.0551181102362" />
  <padstyle name="r120_70" surface="True" plated="False" isvia="False" nopaste="False" nomask="True" complex="False" holesize="0">
    <padshape layer="TOP" shape="rectangle" width="27.55905511811" height="47.244094488188" />
    <padshape layer="TOP_SOLDER_MASK" shape="rectangle" width="35.433070866141" height="55.11811023622" />
    <padshape layer="TOP_SOLDER_PASTE" shape="rectangle" width="27.55905511811" height="47.244094488188" />
  </padstyle>
  <padstyle name="r120_76" surface="True" plated="False" isvia="False" nopaste="False" nomask="True" complex="False" holesize="0">
    <padshape layer="TOP" shape="rectangle" width="29.921259842519" height="47.244094488188" />
    <padshape layer="TOP_SOLDER_MASK" shape="rectangle" width="37.795275590551" height="55.11811023622" />
    <padshape layer="TOP_SOLDER_PASTE" shape="rectangle" width="29.921259842519" height="47.244094488188" />
  </padstyle>
  <padstyle name="r120_80" surface="True" plated="False" isvia="False" nopaste="False" nomask="True" complex="False" holesize="0">
    <padshape layer="TOP" shape="rectangle" width="31.496062992126" height="47.244094488188" />
    <padshape layer="TOP_SOLDER_MASK" shape="rectangle" width="39.370078740157" height="55.11811023622" />
    <padshape layer="TOP_SOLDER_PASTE" shape="rectangle" width="31.496062992126" height="47.244094488188" />
  </padstyle>
  <padstyle name="c185_h134" surface="False" plated="True" isvia="False" nopaste="True" nomask="True" complex="False" holesize="52.75590551181">
    <padshape layer="TOP" shape="round" width="72.83464566929" height="72.83464566929" />
    <padshape layer="TOP_SOLDER_MASK" shape="round" width="80.708661417322" height="80.708661417322" />
    <padshape layer="INNER" shape="round" width="72.83464566929" height="72.83464566929" />
    <padshape layer="BOTTOM" shape="round" width="72.83464566929" height="72.83464566929" />
    <padshape layer="BOTTOM_SOLDER_MASK" shape="round" width="80.708661417322" height="80.708661417322" />
  </padstyle>
  <padstyle name="c201_h134" surface="False" plated="True" isvia="False" nopaste="True" nomask="True" complex="False" holesize="52.75590551181">
    <padshape layer="TOP" shape="round" width="79.133858267716" height="79.133858267716" />
    <padshape layer="TOP_SOLDER_MASK" shape="round" width="87.007874015747" height="87.007874015747" />
    <padshape layer="INNER" shape="round" width="79.133858267716" height="79.133858267716" />
    <padshape layer="BOTTOM" shape="round" width="79.133858267716" height="79.133858267716" />
    <padshape layer="BOTTOM_SOLDER_MASK" shape="round" width="87.007874015747" height="87.007874015747" />
  </padstyle>
  <footprint name="1016435900011LF" originx="0" originy="0" pickpointx="0" pickpointy="0">
    <pcbpin number="1" name="A5" style="r120_70" originx="-19.685039370078" originy="119.29133858268" rotation="0" />
    <pcbpin number="2" name="A9" style="r120_76" originx="59.842519685039" originy="119.29133858268" rotation="0" />
    <pcbpin number="3" name="A12" style="r120_80" originx="108.26771653543" originy="119.29133858268" rotation="0" />
    <pcbpin number="4" name="B5" style="r120_70" originx="19.685039370078" originy="119.29133858268" rotation="0" />
    <pcbpin number="5" name="B9" style="r120_76" originx="-59.842519685039" originy="119.29133858268" rotation="0" />
    <pcbpin number="6" name="B12" style="r120_80" originx="-108.26771653543" originy="119.29133858268" rotation="0" />
    <pcbpin number="7" name="MH1" style="c185_h134" originx="-170.07874015748" originy="116.14173228346" rotation="90" />
    <pcbpin number="8" name="MH2" style="c185_h134" originx="170.07874015748" originy="116.14173228346" rotation="90" />
    <pcbpin number="9" name="MH3" style="c201_h134" originx="-170.07874015748" originy="-33.464566929133" rotation="90" />
    <pcbpin number="10" name="MH4" style="c201_h134" originx="170.07874015748" originy="-33.464566929133" rotation="90" />
    <line layer="TOP_ASSEMBLY" originx="-175.9842519685" originy="-135.82677165354" endx="175.9842519685" endy="-135.82677165354" width="3.9370078740157" />
    <line layer="TOP_ASSEMBLY" originx="175.9842519685" originy="-135.82677165354" endx="175.9842519685" endy="135.82677165354" width="3.9370078740157" />
    <line layer="TOP_ASSEMBLY" originx="175.9842519685" originy="135.82677165354" endx="-175.9842519685" endy="135.82677165354" width="3.9370078740157" />
    <line layer="TOP_ASSEMBLY" originx="-175.9842519685" originy="135.82677165354" endx="-175.9842519685" endy="-135.82677165354" width="3.9370078740157" />
    <line layer="TOP_PLACE_BOUND" originx="-249.01574803149" originy="191.92913385827" endx="249.01574803149" endy="191.92913385827" width="3.9370078740157" />
    <line layer="TOP_PLACE_BOUND" originx="249.01574803149" originy="191.92913385827" endx="249.01574803149" endy="-175.1968503937" width="3.9370078740157" />
    <line layer="TOP_PLACE_BOUND" originx="249.01574803149" originy="-175.1968503937" endx="-249.01574803149" endy="-175.1968503937" width="3.9370078740157" />
    <line layer="TOP_PLACE_BOUND" originx="-249.01574803149" originy="-175.1968503937" endx="-249.01574803149" endy="191.92913385827" width="3.9370078740157" />
    <line layer="TOP_SILKSCREEN" originx="-175.9842519685" originy="-86.614173228345" endx="-175.9842519685" endy="-135.82677165354" width="7.8740157480314" />
    <line layer="TOP_SILKSCREEN" originx="-175.9842519685" originy="-135.82677165354" endx="175.9842519685" endy="-135.82677165354" width="7.8740157480314" />
    <line layer="TOP_SILKSCREEN" originx="175.9842519685" originy="-135.82677165354" endx="175.9842519685" endy="-86.614173228345" width="7.8740157480314" />
    <line layer="TOP_SILKSCREEN" originx="175.9842519685" originy="62.992125984251" endx="175.9842519685" endy="15.748031496063" width="7.8740157480314" />
    <line layer="TOP_SILKSCREEN" originx="-175.9842519685" originy="62.992125984251" endx="-175.9842519685" endy="15.748031496063" width="7.8740157480314" />
    <line layer="TOP_SILKSCREEN" originx="-19.685039370078" originy="173.22834645669" endx="-19.685039370078" endy="173.22834645669" width="3.9370078740157" />
    <arc layer="TOP_SILKSCREEN" originx="-19.685039370078" originy="171.25984251968" startangle="90.0" sweepangle="180.0" radius="1.9685039370079" width="3.9370078740157" />
    <line layer="TOP_SILKSCREEN" originx="-19.685039370078" originy="169.29133858268" endx="-19.685039370078" endy="169.29133858268" width="3.9370078740157" />
    <arc layer="TOP_SILKSCREEN" originx="-19.685039370078" originy="171.25984251968" startangle="-90.0" sweepangle="180.0" radius="1.9685039370079" width="3.9370078740157" />
  </footprint>
  <symbol name="10164359-00011LF" originx="0" originy="0">
    <line originx="200" originy="100" endx="1100" endy="100" width="0" />
    <line originx="1100" originy="-500" endx="1100" endy="100" width="0" />
    <line originx="1100" originy="-500" endx="200" endy="-500" width="0" />
    <line originx="200" originy="100" endx="200" endy="-500" width="0" />
    <sympin number="1" originx="200" originy="0" rotation="180" length="100" width="7.8740157480315" flipped="False">
      <text name="pinname" originx="230" originy="0" style="Default" rotation="0" justify="left" flipped="False" hidden="False" data="CC1" />
      <text name="pindes" originx="140" originy="20" style="Default" rotation="0" justify="lowerright" flipped="False" hidden="False" data="A5" />
    </sympin>
    <sympin number="2" originx="200" originy="-100" rotation="180" length="100" width="7.8740157480315" flipped="False">
      <text name="pinname" originx="230" originy="-100" style="Default" rotation="0" justify="left" flipped="False" hidden="False" data="VBUS_1" />
      <text name="pindes" originx="140" originy="-80" style="Default" rotation="0" justify="lowerright" flipped="False" hidden="False" data="A9" />
    </sympin>
    <sympin number="3" originx="200" originy="-200" rotation="180" length="100" width="7.8740157480315" flipped="False">
      <text name="pinname" originx="230" originy="-200" style="Default" rotation="0" justify="left" flipped="False" hidden="False" data="GND_1" />
      <text name="pindes" originx="140" originy="-180" style="Default" rotation="0" justify="lowerright" flipped="False" hidden="False" data="A12" />
    </sympin>
    <sympin number="4" originx="200" originy="-300" rotation="180" length="100" width="7.8740157480315" flipped="False">
      <text name="pinname" originx="230" originy="-300" style="Default" rotation="0" justify="left" flipped="False" hidden="False" data="CC2" />
      <text name="pindes" originx="140" originy="-280" style="Default" rotation="0" justify="lowerright" flipped="False" hidden="False" data="B5" />
    </sympin>
    <sympin number="5" originx="200" originy="-400" rotation="180" length="100" width="7.8740157480315" flipped="False">
      <text name="pinname" originx="230" originy="-400" style="Default" rotation="0" justify="left" flipped="False" hidden="False" data="VBUS_2" />
      <text name="pindes" originx="140" originy="-380" style="Default" rotation="0" justify="lowerright" flipped="False" hidden="False" data="B9" />
    </sympin>
    <sympin number="6" originx="1100" originy="0" rotation="0" length="100" width="7.8740157480315" flipped="False">
      <text name="pinname" originx="1070" originy="0" style="Default" rotation="0" justify="right" flipped="False" hidden="False" data="GND_2" />
      <text name="pindes" originx="1160" originy="20" style="Default" rotation="0" justify="lowerleft" flipped="False" hidden="False" data="B12" />
    </sympin>
    <sympin number="7" originx="1100" originy="-100" rotation="0" length="100" width="7.8740157480315" flipped="False">
      <text name="pinname" originx="1070" originy="-100" style="Default" rotation="0" justify="right" flipped="False" hidden="False" data="MH1" />
      <text name="pindes" originx="1160" originy="-80" style="Default" rotation="0" justify="lowerleft" flipped="False" hidden="False" data="MH1" />
    </sympin>
    <sympin number="8" originx="1100" originy="-200" rotation="0" length="100" width="7.8740157480315" flipped="False">
      <text name="pinname" originx="1070" originy="-200" style="Default" rotation="0" justify="right" flipped="False" hidden="False" data="MH2" />
      <text name="pindes" originx="1160" originy="-180" style="Default" rotation="0" justify="lowerleft" flipped="False" hidden="False" data="MH2" />
    </sympin>
    <sympin number="9" originx="1100" originy="-300" rotation="0" length="100" width="7.8740157480315" flipped="False">
      <text name="pinname" originx="1070" originy="-300" style="Default" rotation="0" justify="right" flipped="False" hidden="False" data="MH3" />
      <text name="pindes" originx="1160" originy="-280" style="Default" rotation="0" justify="lowerleft" flipped="False" hidden="False" data="MH3" />
    </sympin>
    <sympin number="10" originx="1100" originy="-400" rotation="0" length="100" width="7.8740157480315" flipped="False">
      <text name="pinname" originx="1070" originy="-400" style="Default" rotation="0" justify="right" flipped="False" hidden="False" data="MH4" />
      <text name="pindes" originx="1160" originy="-380" style="Default" rotation="0" justify="lowerleft" flipped="False" hidden="False" data="MH4" />
    </sympin>
  </symbol>
  <component name="10164359-00011LF" designatorprefix="J" height="134.25196850394" footprint="1016435900011LF">
    <comppin designator="A5" sympin="1" pinswap="0" gateswap="0" gate="1" group="1" side="" type="Any" name="CC1" />
    <comppin designator="A9" sympin="2" pinswap="0" gateswap="0" gate="1" group="1" side="" type="Any" name="VBUS_1" />
    <comppin designator="A12" sympin="3" pinswap="0" gateswap="0" gate="1" group="1" side="" type="Any" name="GND_1" />
    <comppin designator="B5" sympin="4" pinswap="0" gateswap="0" gate="1" group="1" side="" type="Any" name="CC2" />
    <comppin designator="B9" sympin="5" pinswap="0" gateswap="0" gate="1" group="1" side="" type="Any" name="VBUS_2" />
    <comppin designator="B12" sympin="6" pinswap="0" gateswap="0" gate="1" group="1" side="" type="Any" name="GND_2" />
    <comppin designator="MH1" sympin="7" pinswap="0" gateswap="0" gate="1" group="1" side="" type="Any" name="MH1" />
    <comppin designator="MH2" sympin="8" pinswap="0" gateswap="0" gate="1" group="1" side="" type="Any" name="MH2" />
    <comppin designator="MH3" sympin="9" pinswap="0" gateswap="0" gate="1" group="1" side="" type="Any" name="MH3" />
    <comppin designator="MH4" sympin="10" pinswap="0" gateswap="0" gate="1" group="1" side="" type="Any" name="MH4" />
    <attached_symbol gate="1" name="10164359-00011LF" />
    <pinmap designator="A5" footprintpin="1" />
    <pinmap designator="A9" footprintpin="2" />
    <pinmap designator="A12" footprintpin="3" />
    <pinmap designator="B5" footprintpin="4" />
    <pinmap designator="B9" footprintpin="5" />
    <pinmap designator="B12" footprintpin="6" />
    <pinmap designator="MH1" footprintpin="7" />
    <pinmap designator="MH2" footprintpin="8" />
    <pinmap designator="MH3" footprintpin="9" />
    <pinmap designator="MH4" footprintpin="10" />
    <text name="Datasheet" originx="0" originy="0" style="Default" rotation="0" justify="" flipped="False" hidden="True" data="https://cdn.amphenol-cs.com/media/wysiwyg/files/drawing/10164359.pdf" />
    <text name="Description" originx="0" originy="0" style="Default" rotation="0" justify="" flipped="False" hidden="True" data="USB Type C Receptacle SMT Single Row 6Pin" />
    <text name="Mouser Part Number" originx="0" originy="0" style="Default" rotation="0" justify="" flipped="False" hidden="True" data="649-10164359-00011LF" />
    <text name="Mouser Price/Stock" originx="0" originy="0" style="Default" rotation="0" justify="" flipped="False" hidden="True" data="https://www.mouser.co.uk/ProductDetail/Amphenol-FCI/10164359-00011LF?qs=MyNHzdoqoQLpQ%2FmSqA1%252BtQ%3D%3D" />
    <text name="Manufacturer_Name" originx="0" originy="0" style="Default" rotation="0" justify="" flipped="False" hidden="True" data="Amphenol" />
    <text name="Manufacturer_Part_Number" originx="1150" originy="200" style="Default" rotation="0" justify="left" flipped="False" hidden="False" data="10164359-00011LF" />
  </component>
</quadcept_library>
